idx,dp_HPWL,time
0,5743987.0,14.137764930725098
1,889942.0,6.770654916763306
2,433015.0,6.6526947021484375
3,418617.0,6.416287660598755
4,2314700.0,8.12539267539978
5,2729568.0,8.96313190460205
6,2443980.0,9.164742946624756
7,2263193.0,9.724427700042725
8,5343509.0,12.69988465309143
9,3504810.0,11.25939655303955
10,4540219.0,12.199155330657959
11,2639614.0,12.380092144012451
12,8413919.0,18.10732650756836
13,1741466.0,9.90499496459961
14,1256340.0,7.074061870574951
15,641049.0,6.861881732940674
16,4317951.0,11.56958293914795
17,891277.0,6.48752498626709
18,2256209.0,6.8386266231536865
19,1269416.0,6.896566152572632
20,4787588.0,13.5609290599823
21,5644859.0,13.38578486442566
22,4766390.0,16.106698036193848
23,930315.0,7.183537483215332
24,2606544.0,9.305065870285034
25,469172.0,6.637637615203857
26,1528623.0,8.258716821670532
27,5502751.0,16.742615222930908
28,4820424.0,12.749253749847412
29,1022112.0,7.667476654052734
30,2182022.0,8.569534540176392
31,1258732.0,7.156270742416382
32,918855.0,6.737772226333618
33,1691861.0,9.77667784690857
34,556829.0,7.325173616409302
35,893111.0,7.873513460159302
36,3177501.0,9.380281686782837
37,285117.0,6.4540040493011475
38,1877431.0,9.76136565208435
39,2338008.0,9.952116012573242
40,4624196.0,13.56942081451416
41,1009047.0,7.463339567184448
42,1129606.0,7.617546081542969
43,2315554.0,8.362182140350342
44,1976074.0,9.296409368515015
45,5046452.0,12.76641845703125
46,3957597.0,11.535629034042358
47,749064.0,7.057953119277954
48,3461070.0,10.508833169937134
49,641445.0,7.046445369720459
50,1529524.0,8.588998079299927
51,436864.0,6.234533786773682
52,3499261.0,11.263615131378174
53,1200536.0,7.030492544174194
54,352650.0,6.768212080001831
55,2033551.0,8.731151103973389
56,1479871.0,8.731482982635498
57,1790615.0,7.994711399078369
58,1280350.0,8.512547254562378
59,4185528.0,13.7050142288208
60,3065639.0,10.837050676345825
61,1613618.0,8.40129804611206
62,1767555.0,9.598880529403687
63,798994.0,6.444183826446533
64,1865940.0,8.645975112915039
65,964288.0,7.43335747718811
66,4642128.0,12.39657974243164
67,2247591.0,8.626340389251709
68,3928622.0,13.150299072265625
69,714320.0,6.288632869720459
70,3284107.0,9.751203298568726
71,1197980.0,7.115700006484985
72,2121600.0,9.701257228851318
73,2505554.0,9.109785079956055
74,3239630.0,10.369391441345215
75,3269874.0,12.215335607528687
76,3140849.0,14.075404167175293
77,1295533.0,8.253864288330078
78,1483422.0,8.001405000686646
79,1878026.0,10.616263628005981
80,2621612.0,10.421286582946777
81,1748763.0,8.679825067520142
82,8494312.0,17.18852472305298
83,6395042.0,16.509237051010132
84,859873.0,7.376432180404663
85,4617551.0,14.366409301757812
86,2493249.0,10.896479606628418
87,850758.0,6.732749700546265
88,5297431.0,13.630131006240845
89,1024798.0,6.994659423828125
90,2513330.0,11.71834945678711
91,10910500.0,16.29621720314026
92,2811898.0,12.68831729888916
93,4775720.0,12.89727783203125
94,1338316.0,7.838109970092773
95,968758.0,7.833636283874512
96,2241355.0,10.686394691467285
97,3349599.0,13.75272274017334
98,1784212.0,7.858404636383057
99,3973509.0,10.787657976150513
100,2014125.0,8.183746337890625
101,2470378.0,9.122344255447388
102,3310383.0,10.90165090560913
103,4572384.0,13.518268823623657
104,696737.0,6.916979074478149
105,2408733.0,8.645181894302368
106,602724.0,6.978495359420776
107,1473033.0,8.92807126045227
108,2644088.0,11.29208254814148
109,1381426.0,7.08135461807251
110,1809171.0,8.659857273101807
111,3348943.0,10.959140300750732
112,2027780.0,9.307143688201904
113,4098675.0,11.134294509887695
114,1209368.0,8.366343259811401
115,3889723.0,12.01283860206604
116,1108445.0,7.596575498580933
117,689407.0,7.017273902893066
118,1479633.0,7.158106803894043
119,1442687.0,7.922740459442139
120,967673.0,6.866090536117554
121,2892491.0,11.23082160949707
122,4798141.0,12.454657554626465
123,1067281.0,6.629470586776733
124,1961023.0,9.789025783538818
125,4967963.0,13.163103103637695
126,1089346.0,8.638545036315918
127,3504671.0,12.992658853530884
128,1728778.0,7.79743504524231
129,670029.0,7.014501571655273
130,2113202.0,8.526712656021118
131,2446502.0,7.420935869216919
132,1002494.0,7.294554710388184
133,1445545.0,8.326799631118774
134,687296.0,7.152602434158325
135,1825473.0,9.342902898788452
136,3430865.0,11.576424360275269
137,6609603.0,17.624218940734863
138,3824096.0,8.234734058380127
139,1490590.0,8.868500709533691
140,648631.0,7.250223398208618
141,2039387.0,10.417292356491089
142,2169519.0,10.327895879745483
143,3957093.0,13.4129319190979
144,748781.0,6.837428331375122
145,1192549.0,7.529633522033691
146,1304162.0,7.977261304855347
147,966380.0,7.0872063636779785
148,1613353.0,8.651640892028809
149,3087426.0,10.405805110931396
150,2391774.0,10.914159536361694
151,8188775.0,18.72612953186035
152,967748.0,6.761846303939819
153,4756783.0,12.9037504196167
154,630408.0,7.0368971824646
155,3480654.0,12.246647834777832
156,512185.0,6.527587652206421
157,3239950.0,11.815547704696655
158,6331242.0,15.603656530380249
159,1659604.0,7.620261192321777
160,1881476.0,7.07332968711853
161,1182984.0,7.515704870223999
162,1832924.0,8.761152744293213
163,1351338.0,7.811103105545044
164,625388.0,6.6705851554870605
165,5226665.0,13.395585775375366
166,1528273.0,7.780407428741455
167,1653180.0,8.877546072006226
168,1587183.0,8.092919111251831
169,3742306.0,14.824513673782349
170,2493611.0,9.667515516281128
171,2675262.0,9.627971172332764
172,4070156.0,10.739954471588135
173,2271769.0,8.325974702835083
174,2584240.0,11.82380485534668
175,1448410.0,7.658889532089233
176,4194902.0,13.711928367614746
177,1754018.0,9.535703897476196
178,1569235.0,8.433302164077759
179,4277137.0,10.98806095123291
180,443930.0,6.4345972537994385
181,529715.0,6.397677183151245
182,588031.0,6.677868843078613
183,2642469.0,11.190694808959961
184,1186872.0,7.019446134567261
185,12831530.0,18.784145832061768
186,607406.0,6.994908094406128
187,3170186.0,11.057067155838013
188,4442700.0,15.115575551986694
189,2812195.0,9.019389867782593
190,825032.0,7.196389198303223
191,1006986.0,7.5489890575408936
192,2003272.0,8.58396029472351
193,3422053.0,10.970734357833862
194,1341186.0,7.5067408084869385
195,1715703.0,8.011926651000977
196,960888.0,7.5066962242126465
197,4847755.0,13.228781461715698
198,4501811.0,15.247782468795776
199,635892.0,7.3062193393707275
200,3592105.0,12.403913974761963
201,1510182.0,7.444175958633423
202,4772981.0,12.397254705429077
203,3578261.0,14.0054771900177
204,3004006.0,9.790213823318481
205,489760.0,6.376143455505371
206,1010728.0,7.423574924468994
207,1914745.0,7.616819381713867
208,2848608.0,10.13992691040039
209,391715.0,6.379616975784302
210,2208424.0,9.45265007019043
211,2931657.0,9.85473084449768
212,1413482.0,7.0622172355651855
213,1424632.0,6.850902318954468
214,1682510.0,7.8856260776519775
215,3134592.0,8.925117015838623
216,1175421.0,7.799933910369873
217,1777872.0,10.387136220932007
218,9902079.0,18.093051433563232
219,1747013.0,10.581801176071167
220,1808570.0,9.074835777282715
221,594376.0,6.782629728317261
222,1318074.0,7.157638072967529
223,2636484.0,9.556183815002441
224,3193668.0,11.810314416885376
225,1505890.0,8.330476760864258
226,2755159.0,10.93852972984314
227,1669325.0,8.316195011138916
228,1129686.0,8.577523946762085
229,8021351.0,16.876420974731445
230,3001968.0,10.055754899978638
231,2840463.0,11.216157913208008
232,1078132.0,7.683924913406372
233,4818895.0,12.246655702590942
234,1371790.0,7.868005275726318
235,6826060.0,16.007521629333496
236,2459406.0,11.120200872421265
237,2469206.0,9.922483921051025
238,1047361.0,6.933687686920166
239,2078158.0,8.23126745223999
240,1165183.0,7.015780448913574
241,1549291.0,7.769531488418579
242,2191251.0,10.418830394744873
243,9480633.0,17.1541748046875
244,1137441.0,7.791715860366821
245,3467587.0,12.703299760818481
246,1918556.0,9.405164957046509
247,2332631.0,9.64470386505127
248,5898317.0,15.426301956176758
249,1496024.0,9.138116598129272
250,4520765.0,11.703622341156006
251,6445582.0,13.272860288619995
252,2832798.0,9.328834533691406
253,591116.0,7.106710433959961
254,7085498.0,17.620211839675903
255,1411783.0,6.718553781509399
256,4302191.0,12.115793466567993
257,1636538.0,8.257766008377075
258,2142612.0,9.248366832733154
259,5593959.0,13.21203327178955
260,3925382.0,10.253056764602661
261,2762447.0,10.803835153579712
262,2217265.0,9.14970350265503
263,973783.0,7.058748006820679
264,5638725.0,15.6928391456604
265,2689842.0,11.105368375778198
266,2764271.0,10.458359718322754
267,5413337.0,12.843590497970581
268,3218910.0,13.285919189453125
269,1027639.0,6.977420330047607
270,1271215.0,7.406767129898071
271,2702537.0,10.846495151519775
272,4441033.0,13.095335006713867
273,3867785.0,12.759605169296265
274,951111.0,7.919500350952148
275,2767697.0,10.350288391113281
276,1210322.0,7.251471996307373
277,752405.0,7.204922676086426
278,1050132.0,7.646265983581543
279,1284829.0,7.3794331550598145
280,551008.0,6.431682348251343
281,1941750.0,8.371387720108032
282,5831698.0,16.811609506607056
283,2351470.0,9.22747254371643
284,3437722.0,11.360399007797241
285,1324852.0,8.380574226379395
286,2490456.0,8.729238748550415
287,4286853.0,11.104197263717651
288,813238.0,6.793620824813843
289,404664.0,6.593018293380737
290,1335135.0,8.013255834579468
291,851259.0,7.2912468910217285
292,849147.0,7.07740044593811
293,4739016.0,12.472605466842651
294,1477049.0,8.784697771072388
295,828620.0,6.945485591888428
296,4224666.0,10.85202932357788
297,2697082.0,12.203755378723145
298,5829457.0,17.10984992980957
299,1128342.0,7.915005683898926
300,514919.0,6.586538791656494
301,1201028.0,8.502264022827148
302,326425.0,6.27254581451416
303,607403.0,6.405412197113037
304,2807247.0,9.405911684036255
305,3993438.0,14.344619035720825
306,2851233.0,10.601123094558716
307,7965336.0,16.251648664474487
308,3213238.0,9.780898571014404
309,3200191.0,10.182732105255127
310,2402463.0,8.741318225860596
311,1223668.0,8.458527565002441
312,6239331.0,14.751874923706055
313,4698138.0,13.203160285949707
314,1782671.0,8.876096725463867
315,1154188.0,8.007963180541992
316,2703816.0,9.672622203826904
317,1828564.0,8.730015754699707
318,1150077.0,8.195428848266602
319,1274439.0,7.723059177398682
320,2663028.0,12.05198359489441
321,959103.0,6.960940361022949
322,961678.0,6.787050724029541
323,2413009.0,8.461880922317505
324,2212687.0,8.106367349624634
325,3695375.0,12.427899599075317
326,969900.0,7.1797144412994385
327,2124866.0,10.714136838912964
328,4659466.0,15.176913499832153
329,1084901.0,6.771123170852661
330,1666080.0,7.711315870285034
331,2901101.0,9.759670972824097
332,3094572.0,11.420267105102539
333,4039889.0,13.04997730255127
334,2899891.0,11.388997077941895
335,742996.0,6.963696241378784
336,2684629.0,9.01130986213684
337,381117.0,6.328941106796265
338,5981906.0,14.428464889526367
339,1822933.0,9.197263479232788
340,2104883.0,9.505357503890991
341,851502.0,6.872522830963135
342,2659958.0,10.27673625946045
343,1454941.0,8.302932739257812
344,1099868.0,7.555988788604736
345,1057721.0,6.381397485733032
346,6135951.0,14.041028261184692
347,3677661.0,12.348936080932617
348,2631416.0,8.806127548217773
349,996981.0,7.340190172195435
350,2550773.0,12.869751930236816
351,2837140.0,9.110588073730469
352,1855153.0,10.278009414672852
353,4403732.0,13.84798789024353
354,4752869.0,10.75058388710022
355,1379645.0,7.10169243812561
356,1376394.0,7.368351697921753
357,539221.0,7.016058921813965
358,2642695.0,10.041275262832642
359,1622039.0,7.839534044265747
360,3232337.0,11.365769863128662
361,1826486.0,8.935037612915039
362,1010878.0,7.448469638824463
363,2631748.0,11.049374103546143
364,1508877.0,8.956032037734985
365,2545216.0,10.230509996414185
366,3274109.0,13.01192569732666
367,2052401.0,8.679010152816772
368,729991.0,6.914259433746338
369,1552134.0,8.39060091972351
370,3128649.0,12.097835779190063
371,1562885.0,9.140257596969604
372,4130310.0,14.511880874633789
373,1477656.0,8.30907678604126
374,2302910.0,9.128952026367188
375,2469701.0,10.781287431716919
376,2834034.0,10.649662017822266
377,5149852.0,13.606757640838623
378,1946616.0,8.853887557983398
379,3429194.0,11.830868005752563
380,3213672.0,11.052497863769531
381,7383772.0,16.760750770568848
382,2476631.0,10.1946861743927
383,4499134.0,12.255424499511719
384,3381867.0,11.135979175567627
385,2644365.0,9.724394798278809
386,1186852.0,7.959905385971069
387,2255348.0,9.747547149658203
388,2128476.0,8.607678174972534
389,1240813.0,7.943270444869995
390,3611774.0,11.35381555557251
391,388309.0,6.61927342414856
392,3653829.0,11.423758268356323
393,3765989.0,12.499850511550903
394,1985509.0,8.291094779968262
395,2154058.0,8.357121706008911
396,531043.0,6.346143960952759
397,3375527.0,9.959893465042114
398,2479592.0,9.711430549621582
399,2045077.0,9.097620487213135
400,4058669.0,11.983417272567749
401,2905253.0,9.638555526733398
402,475264.0,6.497842311859131
403,1324597.0,8.660903692245483
404,2577453.0,11.533819675445557
405,1564987.0,7.859508037567139
406,1284159.0,7.351212501525879
407,4289638.0,14.107545137405396
408,617106.0,6.687296152114868
409,1134498.0,7.359208822250366
410,2356334.0,11.571865320205688
411,1862902.0,9.009949207305908
412,2257392.0,10.09288239479065
413,961761.0,7.2351884841918945
414,1822503.0,8.813929319381714
415,4562522.0,12.108502864837646
416,975562.0,7.64861273765564
417,2007725.0,9.80533480644226
418,2308176.0,10.450202941894531
419,3815611.0,10.972463607788086
420,1218143.0,8.153223037719727
421,3063982.0,12.75432562828064
422,6674498.0,14.330956935882568
423,3753008.0,12.860355138778687
424,1789223.0,8.386329174041748
425,333654.0,6.501704931259155
426,1471512.0,9.985494613647461
427,6685429.0,16.046525478363037
428,1793430.0,8.878864049911499
429,3018151.0,10.958208799362183
430,2882587.0,12.007054090499878
431,912934.0,6.904140472412109
432,4507346.0,13.611176013946533
433,1599290.0,7.182754993438721
434,4778082.0,14.528768062591553
435,3436266.0,11.20218300819397
436,1075455.0,7.935860633850098
437,5040477.0,14.299941778182983
438,859032.0,7.380216360092163
439,2234077.0,8.130728960037231
440,1746197.0,8.473819732666016
441,593815.0,7.143458843231201
442,1987158.0,9.373995780944824
443,4929323.0,14.095349311828613
444,6024104.0,16.413271188735962
445,1280652.0,7.261777400970459
446,730372.0,6.764458417892456
447,7769302.0,18.51906967163086
448,540119.0,6.495440721511841
449,4481884.0,13.161566495895386
450,2721120.0,10.449981689453125
451,3520452.0,13.574522495269775
452,396139.0,6.706720352172852
453,1929549.0,7.874300956726074
454,4079916.0,11.149200677871704
455,674226.0,6.834973335266113
456,1115570.0,7.936757802963257
457,1404946.0,8.076072931289673
458,7449783.0,17.237807035446167
459,4466882.0,15.000833749771118
460,325963.0,6.50274395942688
461,6893300.0,15.931341648101807
462,2166449.0,8.838775873184204
463,5602605.0,13.34109902381897
464,4204583.0,12.55800199508667
465,1257241.0,8.32116174697876
466,832491.0,7.083309888839722
467,1077724.0,7.291823148727417
468,1008963.0,7.506496906280518
469,2020221.0,8.222752809524536
470,3087581.0,10.634858846664429
471,650999.0,7.340771913528442
472,3586326.0,12.675659894943237
473,2692171.0,10.627042293548584
474,3658329.0,12.848118305206299
475,4112480.0,12.452054738998413
476,3100027.0,10.109240770339966
477,2389109.0,10.493263006210327
478,1489378.0,7.346550226211548
479,467172.0,6.722492218017578
480,4805493.0,13.753982067108154
481,4663028.0,13.504927396774292
482,6333722.0,15.049697160720825
483,5257017.0,14.13992190361023
484,1385000.0,7.122578144073486
485,1829806.0,9.678886413574219
486,848970.0,6.970078229904175
487,3109533.0,10.826489210128784
488,3674206.0,12.112353801727295
489,2941793.0,11.06403398513794
490,983402.0,7.716360569000244
491,1089734.0,7.71689772605896
492,2009852.0,8.766569137573242
493,2085494.0,9.120344877243042
494,1297883.0,7.2618727684021
495,1036252.0,7.995648145675659
496,4626266.0,13.539142847061157
497,1700936.0,9.026517391204834
498,2386221.0,9.574333906173706
499,3257659.0,11.53003740310669
